{
  "dimensions": [
    "audience_expertise",
    "computational_effort",
    "evaluation_awareness",
    "intentionality",
    "perceived_risk",
    "self_assessed_capability"
  ],
  "probe_cosine_similarity": [
    [
      0.9999999403953552,
      0.000281796557828784,
      -0.006879438180476427,
      0.01331386435776949,
      0.013801702298223972,
      0.02255617454648018
    ],
    [
      0.000281796557828784,
      1.0,
      0.06205969303846359,
      0.09958241879940033,
      -0.05282636731863022,
      0.0962882712483406
    ],
    [
      -0.006879438180476427,
      0.06205969303846359,
      0.9999999403953552,
      0.2491871565580368,
      0.1632726788520813,
      0.05497647821903229
    ],
    [
      0.01331386435776949,
      0.09958241879940033,
      0.2491871565580368,
      1.0000001192092896,
      0.05448518320918083,
      0.03989839926362038
    ],
    [
      0.013801702298223972,
      -0.05282636731863022,
      0.1632726788520813,
      0.05448518320918083,
      0.9999999403953552,
      -0.004092393908649683
    ],
    [
      0.02255617454648018,
      0.0962882712483406,
      0.05497647821903229,
      0.03989839926362038,
      -0.004092393908649683,
      0.9999998211860657
    ]
  ],
  "activation_diff_pca": {
    "explained_variance_ratio": [
      0.968754231929779,
      0.02323327772319317,
      0.004788546357303858,
      0.0018030306091532111,
      0.0014209470245987177,
      4.279991413906094e-14
    ],
    "cumulative_variance": [
      0.968754231929779,
      0.9919875264167786,
      0.9967760443687439,
      0.9985790848731995,
      1.0,
      1.0
    ],
    "projected_2d": {
      "audience_expertise": [
        -23.715835571289062,
        -10.661054611206055
      ],
      "computational_effort": [
        -23.52411651611328,
        3.9954962730407715
      ],
      "evaluation_awareness": [
        45.0018196105957,
        0.20091231167316437
      ],
      "intentionality": [
        -22.202865600585938,
        3.234300374984741
      ],
      "perceived_risk": [
        47.15920639038086,
        -0.32468363642692566
      ],
      "self_assessed_capability": [
        -22.718252182006836,
        3.5550413131713867
      ]
    }
  },
  "activation_diff_cosine_similarity": [
    [
      0.9999997615814209,
      0.14957831799983978,
      -0.06873878836631775,
      0.08528241515159607,
      -0.08574546873569489,
      0.18090970814228058
    ],
    [
      0.14957831799983978,
      0.9999998807907104,
      -0.18816809356212616,
      0.42705321311950684,
      -0.24699486792087555,
      0.7581915259361267
    ],
    [
      -0.06873878836631775,
      -0.18816809356212616,
      1.000000238418579,
      -0.07580534368753433,
      0.994792640209198,
      -0.07917679846286774
    ],
    [
      0.08528241515159607,
      0.42705321311950684,
      -0.07580534368753433,
      1.0,
      -0.11266174912452698,
      0.3318014144897461
    ],
    [
      -0.08574546873569489,
      -0.24699486792087555,
      0.994792640209198,
      -0.11266174912452698,
      1.000000238418579,
      -0.14600716531276703
    ],
    [
      0.18090970814228058,
      0.7581915259361267,
      -0.07917679846286774,
      0.3318014144897461,
      -0.14600716531276703,
      1.0000001192092896
    ]
  ]
}