{
  "dimensions": [
    "audience_expertise",
    "computational_effort",
    "evaluation_awareness",
    "intentionality",
    "perceived_risk",
    "self_assessed_capability"
  ],
  "probe_cosine_similarity": [
    [
      0.9999999403953552,
      -0.04627075046300888,
      0.047723352909088135,
      -0.03715717792510986,
      0.016066890209913254,
      0.07287009060382843
    ],
    [
      -0.04627075046300888,
      0.9999999403953552,
      0.06677322089672089,
      0.04611971974372864,
      -0.04048988223075867,
      0.047904133796691895
    ],
    [
      0.047723352909088135,
      0.06677322089672089,
      1.0000001192092896,
      0.01637030765414238,
      -0.00122830830514431,
      0.01622716709971428
    ],
    [
      -0.03715717792510986,
      0.04611971974372864,
      0.01637030765414238,
      1.0000001192092896,
      -0.027129799127578735,
      -0.041694190353155136
    ],
    [
      0.016066890209913254,
      -0.04048988223075867,
      -0.00122830830514431,
      -0.027129799127578735,
      0.9999998807907104,
      -0.007029663305729628
    ],
    [
      0.07287009060382843,
      0.047904133796691895,
      0.01622716709971428,
      -0.041694190353155136,
      -0.007029663305729628,
      1.0000001192092896
    ]
  ],
  "activation_diff_pca": {
    "explained_variance_ratio": [
      0.9156284928321838,
      0.0764368399977684,
      0.004675281699746847,
      0.0022971045691519976,
      0.0009622392244637012,
      2.537705839534437e-15
    ],
    "cumulative_variance": [
      0.9156284928321838,
      0.9920653104782104,
      0.9967405796051025,
      0.9990376830101013,
      0.9999999403953552,
      0.9999999403953552
    ],
    "projected_2d": {
      "audience_expertise": [
        5.289710998535156,
        9.796299934387207
      ],
      "computational_effort": [
        -34.27126693725586,
        -0.4672214388847351
      ],
      "evaluation_awareness": [
        7.171635627746582,
        -2.2088310718536377
      ],
      "intentionality": [
        7.275838851928711,
        -2.2744078636169434
      ],
      "perceived_risk": [
        8.059941291809082,
        -2.566621780395508
      ],
      "self_assessed_capability": [
        6.474135398864746,
        -2.279215097427368
      ]
    }
  },
  "activation_diff_cosine_similarity": [
    [
      1.000000238418579,
      0.20864498615264893,
      0.061068303883075714,
      0.01747855730354786,
      -0.1702420562505722,
      0.07583824545145035
    ],
    [
      0.20864498615264893,
      0.9999995231628418,
      0.16048112511634827,
      0.032300058752298355,
      -0.3310535252094269,
      0.3025592863559723
    ],
    [
      0.061068303883075714,
      0.16048112511634827,
      0.9999998211860657,
      0.11795295774936676,
      -0.011569380760192871,
      -0.08630391955375671
    ],
    [
      0.01747855730354786,
      0.032300058752298355,
      0.11795295774936676,
      1.0000001192092896,
      -0.018360590562224388,
      0.06520939618349075
    ],
    [
      -0.1702420562505722,
      -0.3310535252094269,
      -0.011569380760192871,
      -0.018360590562224388,
      1.0000001192092896,
      -0.23059429228305817
    ],
    [
      0.07583824545145035,
      0.3025592863559723,
      -0.08630391955375671,
      0.06520939618349075,
      -0.23059429228305817,
      0.9999997019767761
    ]
  ]
}