{
  "dimensions": [
    "audience_expertise",
    "computational_effort",
    "evaluation_awareness",
    "intentionality",
    "perceived_risk",
    "self_assessed_capability"
  ],
  "probe_cosine_similarity": [
    [
      0.9999998807907104,
      -8.721277117729187e-05,
      -0.0010131391463801265,
      0.0004188067396171391,
      0.00023692692047916353,
      -0.0009142283233813941
    ],
    [
      -8.721277117729187e-05,
      1.0,
      0.04174770787358284,
      0.040033355355262756,
      -0.025208730250597,
      0.12413293868303299
    ],
    [
      -0.0010131391463801265,
      0.04174770787358284,
      1.0000001192092896,
      0.0694008320569992,
      -0.0017613398376852274,
      0.16107870638370514
    ],
    [
      0.0004188067396171391,
      0.040033355355262756,
      0.0694008320569992,
      1.0,
      -0.014126010239124298,
      0.05504577234387398
    ],
    [
      0.00023692692047916353,
      -0.025208730250597,
      -0.0017613398376852274,
      -0.014126010239124298,
      1.0000001192092896,
      -0.01989668235182762
    ],
    [
      -0.0009142283233813941,
      0.12413293868303299,
      0.16107870638370514,
      0.05504577234387398,
      -0.01989668235182762,
      1.0000001192092896
    ]
  ],
  "activation_diff_pca": {
    "explained_variance_ratio": [
      0.6803780794143677,
      0.3162330389022827,
      0.0017749645048752427,
      0.0012100739404559135,
      0.0004038240876980126,
      2.6167835649406777e-15
    ],
    "cumulative_variance": [
      0.6803780794143677,
      0.9966111183166504,
      0.9983860850334167,
      0.9995961785316467,
      1.0,
      1.0
    ],
    "projected_2d": {
      "audience_expertise": [
        -19.09235191345215,
        -2.3224034309387207
      ],
      "computational_effort": [
        2.9775660037994385,
        3.689711093902588
      ],
      "evaluation_awareness": [
        2.990097999572754,
        3.6487877368927
      ],
      "intentionality": [
        2.9807581901550293,
        3.6334564685821533
      ],
      "perceived_risk": [
        7.15615177154541,
        -12.288786888122559
      ],
      "self_assessed_capability": [
        2.987778663635254,
        3.639235734939575
      ]
    }
  },
  "activation_diff_cosine_similarity": [
    [
      0.9999999403953552,
      0.007651272229850292,
      -0.013971078209578991,
      0.0033980412408709526,
      0.006972570437937975,
      0.0027916445396840572
    ],
    [
      0.007651272229850292,
      0.9999998807907104,
      0.07646840065717697,
      0.06614352762699127,
      -0.02978399582207203,
      0.30550119280815125
    ],
    [
      -0.013971078209578991,
      0.07646840065717697,
      0.9999999403953552,
      0.23615838587284088,
      -0.030486315488815308,
      -0.11339359730482101
    ],
    [
      0.0033980412408709526,
      0.06614352762699127,
      0.23615838587284088,
      0.9999997615814209,
      -0.020458819344639778,
      -0.09293045103549957
    ],
    [
      0.006972570437937975,
      -0.02978399582207203,
      -0.030486315488815308,
      -0.020458819344639778,
      1.000000238418579,
      -0.0016307365149259567
    ],
    [
      0.0027916445396840572,
      0.30550119280815125,
      -0.11339359730482101,
      -0.09293045103549957,
      -0.0016307365149259567,
      1.0
    ]
  ]
}