{
  "dimensions": [
    "audience_expertise",
    "computational_effort",
    "evaluation_awareness",
    "intentionality",
    "perceived_risk",
    "self_assessed_capability"
  ],
  "probe_cosine_similarity": [
    [
      0.9999998211860657,
      0.023386748507618904,
      0.052349984645843506,
      0.036772098392248154,
      0.014871576800942421,
      0.040479935705661774
    ],
    [
      0.023386748507618904,
      1.0,
      -0.010513799265027046,
      0.04306415468454361,
      -0.0676102489233017,
      0.09352275729179382
    ],
    [
      0.052349984645843506,
      -0.010513799265027046,
      1.0000001192092896,
      0.07695786654949188,
      0.09243965893983841,
      0.15192700922489166
    ],
    [
      0.036772098392248154,
      0.04306415468454361,
      0.07695786654949188,
      1.0,
      0.01299094408750534,
      0.004104488994926214
    ],
    [
      0.014871576800942421,
      -0.0676102489233017,
      0.09243965893983841,
      0.01299094408750534,
      0.9999999403953552,
      -0.03526834025979042
    ],
    [
      0.040479935705661774,
      0.09352275729179382,
      0.15192700922489166,
      0.004104488994926214,
      -0.03526834025979042,
      1.0000001192092896
    ]
  ],
  "activation_diff_pca": {
    "explained_variance_ratio": [
      0.9612968564033508,
      0.02807396464049816,
      0.005487647373229265,
      0.003289167070761323,
      0.0018523538019508123,
      1.8866605191103156e-14
    ],
    "cumulative_variance": [
      0.9612968564033508,
      0.9893708229064941,
      0.99485844373703,
      0.9981476068496704,
      0.9999999403953552,
      0.9999999403953552
    ],
    "projected_2d": {
      "audience_expertise": [
        0.8325927257537842,
        -0.0006328981835395098
      ],
      "computational_effort": [
        -0.1661563664674759,
        0.032117463648319244
      ],
      "evaluation_awareness": [
        -0.16388414800167084,
        0.02934110350906849
      ],
      "intentionality": [
        -0.1702626794576645,
        -0.1388341337442398
      ],
      "perceived_risk": [
        -0.16571739315986633,
        0.032528676092624664
      ],
      "self_assessed_capability": [
        -0.16657237708568573,
        0.0454799085855484
      ]
    }
  },
  "activation_diff_cosine_similarity": [
    [
      1.0000001192092896,
      0.017551200464367867,
      0.05783967301249504,
      0.013488402590155602,
      0.022548748180270195,
      0.006517745088785887
    ],
    [
      0.017551200464367867,
      0.9999995827674866,
      0.28437021374702454,
      0.08673793822526932,
      -0.03907404839992523,
      -0.03107115998864174
    ],
    [
      0.05783967301249504,
      0.28437021374702454,
      0.9999997615814209,
      0.1513597071170807,
      0.10787533223628998,
      0.12308806926012039
    ],
    [
      0.013488402590155602,
      0.08673793822526932,
      0.1513597071170807,
      0.9999999403953552,
      -0.030774405226111412,
      -0.0602836012840271
    ],
    [
      0.022548748180270195,
      -0.03907404839992523,
      0.10787533223628998,
      -0.030774405226111412,
      0.9999991655349731,
      -0.007658021524548531
    ],
    [
      0.006517745088785887,
      -0.03107115998864174,
      0.12308806926012039,
      -0.0602836012840271,
      -0.007658021524548531,
      0.9999998807907104
    ]
  ]
}