{
  "dimensions": [
    "intentionality",
    "perceived_risk",
    "self_assessed_capability"
  ],
  "probe_cosine_similarity": [
    [
      1.0,
      0.04396545886993408,
      -0.022225510329008102
    ],
    [
      0.04396545886993408,
      0.9999998211860657,
      0.021251574158668518
    ],
    [
      -0.022225510329008102,
      0.021251574158668518,
      1.0
    ]
  ],
  "activation_diff_pca": {
    "explained_variance_ratio": [
      0.7202194929122925,
      0.2797805368900299,
      4.635200101348047e-14
    ],
    "cumulative_variance": [
      0.7202194929122925,
      1.0,
      1.0
    ],
    "projected_2d": {
      "intentionality": [
        -2.4037201404571533,
        0.11499934643507004
      ],
      "perceived_risk": [
        1.0420701503753662,
        -1.354949712753296
      ],
      "self_assessed_capability": [
        1.361649513244629,
        1.239951252937317
      ]
    }
  },
  "activation_diff_cosine_similarity": [
    [
      1.0000001192092896,
      -0.07318060845136642,
      0.04702315852046013
    ],
    [
      -0.07318060845136642,
      0.9999998807907104,
      -0.5290389657020569
    ],
    [
      0.04702315852046013,
      -0.5290389657020569,
      0.9999998807907104
    ]
  ]
}