{
  "dimension": "intentionality",
  "model_name": "Llama-4-Scout-17B-16E",
  "best_layer": 1,
  "best_accuracy": 0.7142857142857143,
  "num_layers": 48,
  "num_samples": 32,
  "layer_accuracies": {
    "0": 0.14285714285714285,
    "1": 0.7142857142857143,
    "2": 0.2857142857142857,
    "3": 0.42857142857142855,
    "4": 0.2857142857142857,
    "5": 0.2857142857142857,
    "6": 0.42857142857142855,
    "7": 0.2857142857142857,
    "8": 0.2857142857142857,
    "9": 0.42857142857142855,
    "10": 0.42857142857142855,
    "11": 0.42857142857142855,
    "12": 0.42857142857142855,
    "13": 0.7142857142857143,
    "14": 0.42857142857142855,
    "15": 0.42857142857142855,
    "16": 0.42857142857142855,
    "17": 0.42857142857142855,
    "18": 0.14285714285714285,
    "19": 0.42857142857142855,
    "20": 0.14285714285714285,
    "21": 0.2857142857142857,
    "22": 0.2857142857142857,
    "23": 0.14285714285714285,
    "24": 0.14285714285714285,
    "25": 0.14285714285714285,
    "26": 0.0,
    "27": 0.2857142857142857,
    "28": 0.2857142857142857,
    "29": 0.2857142857142857,
    "30": 0.42857142857142855,
    "31": 0.42857142857142855,
    "32": 0.42857142857142855,
    "33": 0.2857142857142857,
    "34": 0.2857142857142857,
    "35": 0.2857142857142857,
    "36": 0.42857142857142855,
    "37": 0.5714285714285714,
    "38": 0.42857142857142855,
    "39": 0.2857142857142857,
    "40": 0.14285714285714285,
    "41": 0.14285714285714285,
    "42": 0.2857142857142857,
    "43": 0.42857142857142855,
    "44": 0.2857142857142857,
    "45": 0.42857142857142855,
    "46": 0.42857142857142855,
    "47": 0.42857142857142855
  }
}